ลำดับ (No.),Domain ID,Domain Name,English Term (คำศัพท์อังกฤษ),Thai Pronunciation (คำอ่าน),Thai Meaning (คำแปล/ความหมายไทย),English Definition (คำอธิบายภาษาอังกฤษ),Source
1,1,Domain 1: Security Principles,CIA Triad,ซี-ไอ-เอ ไทรแอด,"สามเสาหลักของ Information Security ได้แก่ Confidentiality (การรักษาความลับ), Integrity (ความถูกต้องครบถ้วน) และ Availability (ความพร้อมใช้งาน)","The three core principles of information security: Confidentiality, Integrity, Availability",Flashcards + TermMatch
2,1,Domain 1: Security Principles,Compliance,คอมไพลแอนซ์,การปฏิบัติตามกฎหมาย กฎระเบียบ และมาตรฐานที่เกี่ยวข้อง,"Adherence to laws, regulations, and standards",Flashcards
3,1,Domain 1: Security Principles,Defense in Depth,ดีเฟนส์ อิน เดปท์,กลยุทธ์การรักษาความปลอดภัยแบบหลายชั้น หากชั้นหนึ่งถูกเจาะ ชั้นถัดไปยังป้องกันได้,"Layered security strategy so that if one layer fails, others still protect",Flashcards + TermMatch
4,1,Domain 1: Security Principles,Due Care,ดิว แคร์,การปฏิบัติหน้าที่ด้วยความระมัดระวังตามมาตรฐานที่คนทั่วไปพึงกระทำ,Acting responsibly and taking reasonable steps to protect assets,Flashcards + TermMatch
5,1,Domain 1: Security Principles,Due Diligence,ดิว ดิลิเจนซ์,การตรวจสอบและศึกษาข้อมูลอย่างรอบคอบก่อนตัดสินใจ เช่น ก่อนซื้อบริษัทหรือเลือกผู้ให้บริการ,Thorough investigation and research before making a decision,Flashcards + TermMatch
6,1,Domain 1: Security Principles,Governance,กัฟเวอร์แนนซ์,กรอบการกำกับดูแลและบริหารจัดการองค์กรด้านความปลอดภัยสารสนเทศ,Framework for managing and directing an organization's security posture,Flashcards + TermMatch
7,1,Domain 1: Security Principles,Guideline,ไกด์ไลน์,คำแนะนำที่ไม่บังคับ แต่เป็นแนวปฏิบัติที่ดีเพื่อสนับสนุนนโยบาย,Recommended but non-mandatory best practices supporting a policy,Flashcards
8,1,Domain 1: Security Principles,Least Privilege,ลีสต์ พริวิเลจ,หลักการให้สิทธิ์เฉพาะเท่าที่จำเป็นต่อการปฏิบัติงาน ไม่มากไม่น้อยกว่า,Granting only the minimum permissions needed to perform a task,Flashcards + TermMatch
9,1,Domain 1: Security Principles,Non-repudiation,นอน-รีพิวดิเอชัน,การป้องกันไม่ให้ผู้ส่งปฏิเสธว่าไม่ได้กระทำการ โดยมีหลักฐานยืนยันได้,"Assurance that a party cannot deny having performed an action, backed by evidence",Flashcards + TermMatch
10,1,Domain 1: Security Principles,PHI,พี-เอช-ไอ,Protected Health Information ข้อมูลสุขภาพที่ได้รับการคุ้มครองตามกฎหมาย เช่น HIPAA,"Health information protected by law, e.g. under HIPAA",Flashcards
11,1,Domain 1: Security Principles,Phishing,ฟิชชิ่ง,การโจมตีโดยส่งอีเมลหรือข้อความปลอมเพื่อหลอกให้เปิดเผยข้อมูลสำคัญ เช่น รหัสผ่าน,Fraudulent messages designed to trick recipients into revealing sensitive data,Flashcards
12,1,Domain 1: Security Principles,PII,พี-ไอ-ไอ,Personally Identifiable Information ข้อมูลที่สามารถระบุตัวบุคคลได้ เช่น เลขบัตรประชาชน อีเมล,"Data that can identify a specific individual, e.g. ID number, email",Flashcards
13,1,Domain 1: Security Principles,Policy,พอลิซี,เอกสารระดับสูงที่กำหนดเจตนารมณ์และทิศทางด้านความปลอดภัยขององค์กร,High-level document defining the organization's security intent and direction,Flashcards
14,1,Domain 1: Security Principles,Privacy,ไพรเวซี,สิทธิในการควบคุมข้อมูลส่วนบุคคลของตนเอง รวมถึงการเก็บรวบรวมและการใช้งาน,The right to control one's personal information and how it is collected/used,Flashcards
15,1,Domain 1: Security Principles,Procedure,โพรซีเจอร์,คำแนะนำแบบทีละขั้นตอนที่อธิบายวิธีการปฏิบัติงานตามมาตรฐาน,Step-by-step instructions on how to implement a standard,Flashcards
16,1,Domain 1: Security Principles,Risk Acceptance,ริสค์ แอคเซ็ปแตนซ์,การยอมรับความเสี่ยงที่เหลืออยู่เพราะต้นทุนการแก้ไขสูงกว่าผลกระทบ,Acknowledging residual risk when the cost of mitigation exceeds the impact,Flashcards
17,1,Domain 1: Security Principles,Risk Assessment,ริสค์ อะเซสเมนต์,กระบวนการระบุ วิเคราะห์ และประเมินความเสี่ยงที่อาจเกิดขึ้นกับสินทรัพย์สารสนเทศ,"Process of identifying, analyzing, and evaluating risks to information assets",Flashcards + TermMatch
18,1,Domain 1: Security Principles,Risk Mitigation,ริสค์ มิติเกชัน,การลดความเสี่ยงให้อยู่ในระดับที่ยอมรับได้ โดยใช้มาตรการควบคุม,Reducing risk to an acceptable level through controls,Flashcards
19,1,Domain 1: Security Principles,Risk Transfer,ริสค์ ทรานสเฟอร์,การโอนความเสี่ยงไปให้บุคคลที่สาม เช่น การซื้อประกันภัย,"Shifting risk to a third party, e.g. buying insurance",Flashcards
20,1,Domain 1: Security Principles,Social Engineering,โซเชียล เอนจิเนียริ่ง,เทคนิคหลอกลวงโดยอาศัยจิตวิทยามนุษย์ เพื่อให้เหยื่อเปิดเผยข้อมูลหรือทำสิ่งที่ไม่ควร,Manipulating people into divulging information or performing actions,Flashcards
21,1,Domain 1: Security Principles,Standard,สแตนดาร์ด,ข้อกำหนดเฉพาะที่ต้องปฏิบัติตาม เพื่อให้สอดคล้องกับนโยบาย,Specific mandatory requirements to comply with a policy,Flashcards
22,1,Domain 1: Security Principles,Threat,-,ภัยคุกคาม -- เหตุการณ์ที่อาจก่อให้เกิดความเสียหาย,-,TermMatch Game
23,1,Domain 1: Security Principles,Threat Actor,เทรต แอคเตอร์,บุคคลหรือกลุ่มที่ก่อให้เกิดภัยคุกคามต่อระบบสารสนเทศ เช่น แฮกเกอร์ อินไซเดอร์,"An entity that poses a threat to information systems, e.g. hackers, insiders",Flashcards
24,1,Domain 1: Security Principles,Vulnerability,วัลเนอราบิลิตี้,จุดอ่อนหรือช่องโหว่ในระบบที่ภัยคุกคามสามารถใช้ประโยชน์ได้,A weakness in a system that a threat can exploit,Flashcards + TermMatch
25,1,Domain 1: Security Principles,Zero Day,ซีโร่ เดย์,ช่องโหว่ที่ถูกค้นพบแต่ยังไม่มี Patch แก้ไข ผู้พัฒนามีเวลา 0 วันในการแก้ไข,A vulnerability discovered before the vendor has released a fix,Flashcards
26,2,"Domain 2: Business Continuity, Disaster Recovery, and Incident Response",BCP,บี-ซี-พี,Business Continuity Plan แผนรักษาความต่อเนื่องทางธุรกิจ เพื่อให้องค์กรดำเนินงานได้แม้เกิดเหตุฉุกเฉิน,Business Continuity Plan: ensuring critical operations continue during a disaster,Flashcards + TermMatch
27,2,"Domain 2: Business Continuity, Disaster Recovery, and Incident Response",BIA,บี-ไอ-เอ,Business Impact Analysis การวิเคราะห์ผลกระทบทางธุรกิจ เพื่อระบุกระบวนการสำคัญและผลกระทบจากการหยุดชะงัก,Analysis identifying critical processes and the impact of their disruption,Flashcards + TermMatch
28,2,"Domain 2: Business Continuity, Disaster Recovery, and Incident Response",Cold Site,โคลด์ไซต์,ศูนย์สำรองเปล่า มีแค่พื้นที่และระบบไฟฟ้า ต้องติดตั้งทุกอย่าง ค่าใช้จ่ายต่ำที่สุด,Empty backup facility with only power and space; cheapest but slowest to activate,Flashcards
29,2,"Domain 2: Business Continuity, Disaster Recovery, and Incident Response",Containment,คอนเทนเมนต์,ขั้นตอนการจำกัดขอบเขตความเสียหายจากเหตุการณ์ เพื่อไม่ให้ลุกลาม,Limiting the scope of damage from an incident to prevent further spread,Flashcards
30,2,"Domain 2: Business Continuity, Disaster Recovery, and Incident Response",Differential Backup,ดิฟเฟอเรนเชียล แบ็คอัพ,การสำรองข้อมูลที่เปลี่ยนแปลงตั้งแต่ Full Backup ครั้งล่าสุด กู้คืนต้องใช้ Full + Differential ล่าสุด,Backs up changes since the last full backup; restore needs full + latest differential,Flashcards
31,2,"Domain 2: Business Continuity, Disaster Recovery, and Incident Response",DRP,ดี-อาร์-พี,Disaster Recovery Plan แผนกู้คืนระบบหลังเกิดภัยพิบัติ มุ่งเน้นฟื้นฟู IT infrastructure,Disaster Recovery Plan: restoring IT infrastructure after a disaster,Flashcards + TermMatch
32,2,"Domain 2: Business Continuity, Disaster Recovery, and Incident Response",Eradication,อีแรดิเคชัน,ขั้นตอนการกำจัดสาเหตุของเหตุการณ์ออกจากระบบ เช่น ลบมัลแวร์,Removing the root cause of an incident from the environment,Flashcards
33,2,"Domain 2: Business Continuity, Disaster Recovery, and Incident Response",Full Interruption Test,ฟูล อินเตอร์รัปชัน เทสต์,การทดสอบแผน DR โดยจำลองให้ระบบหลักหยุดทำงานจริง เพื่อทดสอบว่าศูนย์สำรองใช้ได้จริง,DR test that actually shuts down primary systems to validate the backup site,Flashcards
34,2,"Domain 2: Business Continuity, Disaster Recovery, and Incident Response",Hot Site,ฮอตไซต์,ศูนย์สำรองที่พร้อมใช้งานทันที มีอุปกรณ์และข้อมูลครบ ค่าใช้จ่ายสูงที่สุด,Fully equipped backup facility ready for immediate use; most expensive,Flashcards
35,2,"Domain 2: Business Continuity, Disaster Recovery, and Incident Response",Incident Response,อินซิเดนต์ รีสพอนส์,กระบวนการตอบสนองต่อเหตุการณ์ด้านความปลอดภัย ตั้งแต่ตรวจจับจนถึงสรุปบทเรียน,"Process of detecting, containing, eradicating, and recovering from security incidents",Flashcards + TermMatch
36,2,"Domain 2: Business Continuity, Disaster Recovery, and Incident Response",Incremental Backup,อินครีเมนทัล แบ็คอัพ,การสำรองเฉพาะข้อมูลที่เปลี่ยนแปลงตั้งแต่การสำรองครั้งล่าสุด (Full หรือ Incremental) เร็วแต่กู้คืนช้ากว่า,Backs up changes since the last backup of any type; fastest backup but slowest restore,Flashcards
37,2,"Domain 2: Business Continuity, Disaster Recovery, and Incident Response",Lessons Learned,เลสซันส์ เลิร์นด์,การทบทวนหลังเหตุการณ์เพื่อสรุปบทเรียน ปรับปรุงกระบวนการ และป้องกันไม่ให้เกิดซ้ำ,Post-incident review to improve processes and prevent recurrence,Flashcards
38,2,"Domain 2: Business Continuity, Disaster Recovery, and Incident Response",MTBF,เอ็ม-ที-บี-เอฟ,Mean Time Between Failures ค่าเฉลี่ยเวลาระหว่างความล้มเหลวแต่ละครั้ง ยิ่งสูงยิ่งน่าเชื่อถือ,Average time between system failures; higher is more reliable,Flashcards + TermMatch
39,2,"Domain 2: Business Continuity, Disaster Recovery, and Incident Response",MTTR,เอ็ม-ที-ที-อาร์,Mean Time To Repair ค่าเฉลี่ยเวลาที่ใช้ในการซ่อมแซมระบบให้กลับมาใช้งานได้,Average time to repair a failed system and return it to operation,Flashcards + TermMatch
40,2,"Domain 2: Business Continuity, Disaster Recovery, and Incident Response",Recovery,รีคัฟเวอรี,ขั้นตอนการฟื้นฟูระบบให้กลับสู่สภาวะปกติหลังจัดการเหตุการณ์แล้ว,Restoring systems to normal operation after incident handling,Flashcards
41,2,"Domain 2: Business Continuity, Disaster Recovery, and Incident Response",RPO,อาร์-พี-โอ,Recovery Point Objective จุดเวลาสูงสุดที่ยอมให้ข้อมูลสูญหายได้ เช่น ย้อนหลังไม่เกิน 4 ชม.,"Maximum acceptable data loss measured in time, e.g. no more than 4 hours of data",Flashcards + TermMatch
42,2,"Domain 2: Business Continuity, Disaster Recovery, and Incident Response",RTO,อาร์-ที-โอ,Recovery Time Objective ระยะเวลาสูงสุดที่ยอมให้ระบบหยุดทำงานได้ก่อนกู้คืน,Maximum acceptable downtime before a system must be restored,Flashcards + TermMatch
43,2,"Domain 2: Business Continuity, Disaster Recovery, and Incident Response",Tabletop Exercise,เทเบิลท็อป เอ็กเซอร์ไซส์,การฝึกซ้อมแผนแบบจำลองสถานการณ์บนโต๊ะ โดยไม่ต้องปฏิบัติจริง เน้นอภิปรายบทบาทและขั้นตอน,Discussion-based exercise simulating a scenario without actual system changes,Flashcards
44,2,"Domain 2: Business Continuity, Disaster Recovery, and Incident Response",Warm Site,วอร์มไซต์,ศูนย์สำรองที่มีอุปกรณ์บางส่วน ต้องใช้เวลาติดตั้งเพิ่มก่อนใช้งานได้,Backup facility with partial equipment; needs time to become fully operational,Flashcards
45,3,Domain 3: Access Controls Concepts,ABAC,เอ-แบค,"Attribute-Based Access Control กำหนดสิทธิ์ตามคุณลักษณะ เช่น แผนก, ตำแหน่ง, เวลา, สถานที่","Access based on attributes like department, role, time, and location",Flashcards
46,3,Domain 3: Access Controls Concepts,Accountability,แอคเคาท์ทะบิลิตี้,ความสามารถในการตรวจสอบย้อนกลับว่าใครทำอะไรในระบบ โดยอาศัย Logging,Ability to trace actions back to a specific user through logging,Flashcards
47,3,Domain 3: Access Controls Concepts,Authentication,ออเธนติเคชัน,กระบวนการยืนยันตัวตนว่าผู้ใช้เป็นผู้ที่อ้างตัวจริง เช่น ใช้รหัสผ่าน ลายนิ้วมือ,"Verifying a user's identity, e.g. via password, fingerprint",Flashcards + TermMatch
48,3,Domain 3: Access Controls Concepts,Authorization,ออธอไรเซชัน,การกำหนดว่าผู้ใช้ที่ผ่านการยืนยันตัวตนแล้วมีสิทธิ์เข้าถึงทรัพยากรใดบ้าง,Determining what resources an authenticated user is allowed to access,Flashcards + TermMatch
49,3,Domain 3: Access Controls Concepts,Biometrics,ไบโอเมตริกส์,การยืนยันตัวตนโดยใช้ลักษณะทางกายภาพ เช่น ลายนิ้วมือ ม่านตา ใบหน้า,"Authentication using physical characteristics like fingerprint, iris, or face",Flashcards
50,3,Domain 3: Access Controls Concepts,DAC,แดค,Discretionary Access Control เจ้าของทรัพยากรเป็นผู้กำหนดสิทธิ์เอง เช่น แชร์ไฟล์ให้เพื่อนร่วมงาน,Resource owner decides who gets access; flexible but less secure,Flashcards + TermMatch
51,3,Domain 3: Access Controls Concepts,Federation,เฟเดอเรชัน,การเชื่อมต่อระบบยืนยันตัวตนระหว่างองค์กร ให้ผู้ใช้จากองค์กรหนึ่งเข้าถึงทรัพยากรอีกองค์กรได้,Linking identity systems across organizations for cross-domain access,Flashcards + TermMatch
52,3,Domain 3: Access Controls Concepts,Identity Management,-,การจัดการอัตลักษณ์ -- สร้าง แก้ไข ลบบัญชีผู้ใช้ตลอดวงจร,-,TermMatch Game
53,3,Domain 3: Access Controls Concepts,Identity Provider,ไอเดนทิตี้ โพรไวเดอร์,"ระบบที่ทำหน้าที่ยืนยันตัวตนและส่งต่อข้อมูลไปยังแอปพลิเคชัน เช่น Okta, Azure AD",System that authenticates users and passes identity info to applications,Flashcards
54,3,Domain 3: Access Controls Concepts,Kerberos,เคอร์เบอรอส,โปรโตคอลยืนยันตัวตนที่ใช้ Ticket แทนการส่งรหัสผ่านซ้ำ ใช้กันแพร่หลายใน AD,Ticket-based authentication protocol widely used in Active Directory,Flashcards
55,3,Domain 3: Access Controls Concepts,LDAP,แอล-แดป,Lightweight Directory Access Protocol โปรโตคอลเข้าถึงบริการไดเรกทอรี เช่น Active Directory,Protocol for accessing directory services like Active Directory,Flashcards
56,3,Domain 3: Access Controls Concepts,MAC,แมค,Mandatory Access Control ระบบกำหนดสิทธิ์ตามระดับชั้นความลับ ผู้ใช้ไม่สามารถเปลี่ยนแปลงได้เอง,System-enforced access based on classification levels; users cannot override,Flashcards + TermMatch
57,3,Domain 3: Access Controls Concepts,MFA,เอ็ม-เอฟ-เอ,Multi-Factor Authentication การยืนยันตัวตนหลายปัจจัย เช่น สิ่งที่รู้ + สิ่งที่มี + สิ่งที่เป็น,"Authentication requiring two or more factors: something you know, have, or are",Flashcards + TermMatch
58,3,Domain 3: Access Controls Concepts,OAuth,โอออธ,มาตรฐานสำหรับการอนุญาตให้แอปเข้าถึงทรัพยากรแทนผู้ใช้ โดยไม่ต้องเปิดเผยรหัสผ่าน,Authorization framework allowing apps to access resources on behalf of users without exposing passwords,Flashcards
59,3,Domain 3: Access Controls Concepts,PAM,แพม,"Privileged Access Management การบริหารจัดการบัญชีที่มีสิทธิ์สูง เช่น Admin, Root",Managing and monitoring accounts with elevated privileges,Flashcards + TermMatch
60,3,Domain 3: Access Controls Concepts,RBAC,อาร์-แบค,"Role-Based Access Control การควบคุมการเข้าถึงตามบทบาทหน้าที่ เช่น ผู้จัดการ, พนักงาน",Access permissions assigned based on organizational roles,Flashcards + TermMatch
61,3,Domain 3: Access Controls Concepts,SAML,แซมแอล,Security Assertion Markup Language มาตรฐาน XML สำหรับแลกเปลี่ยนข้อมูลยืนยันตัวตนระหว่างระบบ,XML standard for exchanging authentication data between identity and service providers,Flashcards
62,3,Domain 3: Access Controls Concepts,Smart Card,สมาร์ทการ์ด,บัตรที่มีไมโครชิปเก็บข้อมูลสำหรับยืนยันตัวตน ต้องใช้ร่วมกับ PIN,Card with an embedded chip storing credentials; used with a PIN,Flashcards
63,3,Domain 3: Access Controls Concepts,SSO,เอส-เอส-โอ,Single Sign-On ระบบล็อกอินครั้งเดียวแล้วเข้าถึงหลายแอปพลิเคชันได้โดยไม่ต้องล็อกอินซ้ำ,Sign in once to access multiple applications without re-authenticating,Flashcards + TermMatch
64,3,Domain 3: Access Controls Concepts,Token,โทเค็น,อุปกรณ์หรือซอฟต์แวร์ที่สร้างรหัสชั่วคราว (OTP) สำหรับยืนยันตัวตน,Hardware or software generating one-time passwords for authentication,Flashcards
65,4,Domain 4: Network Security,ARP,เอ-อาร์-พี,Address Resolution Protocol โปรโตคอลแปลง IP address เป็น MAC address ในเครือข่าย LAN,Protocol mapping IP addresses to MAC addresses on a local network,Flashcards
66,4,Domain 4: Network Security,DDoS,ดี-ดอส,Distributed Denial of Service การโจมตีโดยส่งทราฟฟิกจำนวนมหาศาลจากหลายแหล่ง ทำให้ระบบล่ม,Attack flooding a target with massive traffic from many sources to cause downtime,Flashcards
67,4,Domain 4: Network Security,DHCP,ดี-เอช-ซี-พี,Dynamic Host Configuration Protocol โปรโตคอลแจก IP address ให้อุปกรณ์ในเครือข่ายอัตโนมัติ,Protocol that automatically assigns IP addresses to devices on a network,Flashcards
68,4,Domain 4: Network Security,DMZ,ดี-เอ็ม-แซด,Demilitarized Zone โซนเครือข่ายกันชนระหว่างเครือข่ายภายในและอินเทอร์เน็ต วาง public server,Network buffer zone between internal network and the internet for public servers,Flashcards + TermMatch
69,4,Domain 4: Network Security,DNS,ดี-เอ็น-เอส,Domain Name System ระบบแปลงชื่อเว็บ (domain) เป็นหมายเลข IP,System translating domain names to IP addresses,Flashcards
70,4,Domain 4: Network Security,Firewall,ไฟร์วอลล์,อุปกรณ์หรือซอฟต์แวร์กรองทราฟฟิกเครือข่ายตามกฎที่กำหนด อนุญาตหรือบล็อกการเชื่อมต่อ,Device or software filtering network traffic based on rules; allows or blocks connections,Flashcards + TermMatch
71,4,Domain 4: Network Security,IDS,ไอ-ดี-เอส,Intrusion Detection System ระบบตรวจจับการบุกรุก แจ้งเตือนแต่ไม่บล็อก,System that monitors and alerts on suspicious activity but does not block it,Flashcards + TermMatch
72,4,Domain 4: Network Security,IPS,ไอ-พี-เอส,Intrusion Prevention System ระบบป้องกันการบุกรุก ตรวจจับและบล็อกทราฟฟิกที่เป็นอันตรายอัตโนมัติ,System that detects AND automatically blocks malicious traffic,Flashcards + TermMatch
73,4,Domain 4: Network Security,MITM,แมน-อิน-เดอะ-มิดเดิ้ล,Man-in-the-Middle Attack การดักฟังและแก้ไขข้อมูลระหว่างสองฝ่ายโดยที่ทั้งคู่ไม่รู้ตัว,Attacker intercepts and potentially alters communication between two parties,Flashcards
74,4,Domain 4: Network Security,NAC,แนค,Network Access Control ระบบควบคุมการเข้าถึงเครือข่ายโดยตรวจสอบอุปกรณ์ก่อนอนุญาต,Controls which devices can connect to the network based on compliance checks,Flashcards + TermMatch
75,4,Domain 4: Network Security,Network Segmentation,เน็ตเวิร์ค เซกเมนเทชัน,การแบ่งเครือข่ายออกเป็นส่วนย่อยเพื่อจำกัดการแพร่กระจายของภัยคุกคาม,Dividing a network into segments to limit threat propagation,Flashcards
76,4,Domain 4: Network Security,OSI Model,โอ-เอส-ไอ โมเดล,Open Systems Interconnection โมเดล 7 ชั้นอธิบายการสื่อสารเครือข่าย ตั้งแต่ Physical ถึง Application,7-layer model describing network communication from Physical to Application layer,Flashcards
77,4,Domain 4: Network Security,Port Scanning,พอร์ต สแกนนิ่ง,เทคนิคตรวจสอบว่าพอร์ตใดเปิดอยู่บนเซิร์ฟเวอร์ ผู้โจมตีใช้หาช่องทางเข้า,Technique probing which ports are open on a server; used in reconnaissance,Flashcards
78,4,Domain 4: Network Security,TCP/IP,ที-ซี-พี/ไอ-พี,"ชุดโปรโตคอลหลักของอินเทอร์เน็ต มี 4 ชั้น: Network Access, Internet, Transport, Application","Core internet protocol suite with 4 layers: Network Access, Internet, Transport, Application",Flashcards
79,4,Domain 4: Network Security,TLS,ที-แอล-เอส,Transport Layer Security โปรโตคอลเข้ารหัสการสื่อสารบนเว็บ ตัวแทนของ SSL,Protocol encrypting web communications; successor to SSL,Flashcards
80,4,Domain 4: Network Security,TLS/SSL,-,โปรโตคอลเข้ารหัสข้อมูลระหว่างส่ง (encryption in transit),-,TermMatch Game
81,4,Domain 4: Network Security,VLAN,วี-แลน,Virtual LAN การแบ่งเครือข่ายเสมือนบน Switch เดียวกัน เพื่อแยกทราฟฟิกและเพิ่มความปลอดภัย,Logical network segmentation on the same physical switch for traffic isolation,Flashcards + TermMatch
82,4,Domain 4: Network Security,VPN,วี-พี-เอ็น,Virtual Private Network สร้างอุโมงค์เข้ารหัสข้อมูลผ่านเครือข่ายสาธารณะ,Encrypted tunnel over a public network for secure communication,Flashcards + TermMatch
83,4,Domain 4: Network Security,WPA3,ดับบลิว-พี-เอ-3,Wi-Fi Protected Access 3 มาตรฐานความปลอดภัยไร้สายล่าสุด แก้จุดอ่อนของ WPA2,Latest wireless security standard addressing WPA2 vulnerabilities,Flashcards
84,4,Domain 4: Network Security,Zero Trust,ซีโร่ ทรัสต์,โมเดลที่ไม่ไว้วางใจใครเลยไม่ว่าจะอยู่ในหรือนอกเครือข่าย ต้องยืนยันตัวตนทุกครั้ง,Security model trusting no one by default; verify every access request,Flashcards + TermMatch
85,5,Domain 5: Security Operations,AES,เอ-อี-เอส,Advanced Encryption Standard อัลกอริทึมเข้ารหัสแบบ Symmetric ที่ใช้แพร่หลายที่สุด (128/192/256-bit),"Widely used symmetric encryption algorithm; key sizes 128, 192, or 256 bits",Flashcards
86,5,Domain 5: Security Operations,Asymmetric Encryption,อะซิมเมตริก,การเข้ารหัสที่ใช้คู่กุญแจ Public (เข้ารหัส) และ Private (ถอดรหัส) ช้ากว่า Symmetric แต่ปลอดภัยกว่าในการแลกเปลี่ยนกุญแจ,"Encryption using a key pair (public to encrypt, private to decrypt); slower but solves key distribution",Flashcards
87,5,Domain 5: Security Operations,Certificate Authority,เซอร์ทิฟิเคต ออธอริตี้,หน่วยงานที่ออกใบรับรองดิจิทัล (Digital Certificate) เพื่อยืนยันความถูกต้องของ Public Key,Trusted entity issuing digital certificates to verify public key ownership,Flashcards
88,5,Domain 5: Security Operations,Change Management,เชนจ์ แมเนจเมนต์,กระบวนการควบคุมการเปลี่ยนแปลงระบบ IT อย่างเป็นระบบ ตั้งแต่ขอ อนุมัติ ทดสอบ จนถึงติดตั้ง,"Formal process controlling IT system changes from request through approval, testing, and deployment",Flashcards + TermMatch
89,5,Domain 5: Security Operations,Configuration Management,คอนฟิกูเรชัน แมเนจเมนต์,การจัดการและติดตามการตั้งค่าระบบทั้งหมดให้เป็นมาตรฐาน ป้องกัน Configuration Drift,Managing and tracking system settings to maintain a standard baseline,Flashcards
90,5,Domain 5: Security Operations,Data Classification,ดาต้า คลาสซิฟิเคชัน,"การจัดระดับชั้นความลับของข้อมูล เช่น Public, Internal, Confidential, Top Secret","Categorizing data by sensitivity level, e.g. Public, Internal, Confidential, Top Secret",Flashcards
91,5,Domain 5: Security Operations,Data Destruction,ดาต้า ดีสตรัคชัน,"การทำลายข้อมูลอย่างถาวรเมื่อหมดอายุการเก็บรักษา เช่น Shredding, Degaussing, Crypto Erase","Permanently destroying data when retention expires, e.g. shredding, degaussing, crypto erase",Flashcards
92,5,Domain 5: Security Operations,Data Retention,ดาต้า รีเทนชัน,นโยบายกำหนดระยะเวลาเก็บรักษาข้อมูล ก่อนทำลายตามกฎหมายหรือนโยบายองค์กร,Policy defining how long data is kept before destruction per legal or organizational requirements,Flashcards
93,5,Domain 5: Security Operations,Digital Signature,ดิจิทัล ซิกเนเจอร์,ลายเซ็นดิจิทัลที่ใช้ Private Key สร้าง เพื่อยืนยันตัวตนผู้ส่งและความถูกต้องของข้อมูล,Cryptographic signature verifying sender identity and data integrity using private key,Flashcards + TermMatch
94,5,Domain 5: Security Operations,DLP,ดี-แอล-พี,Data Loss Prevention ระบบป้องกันข้อมูลรั่วไหล ตรวจจับและบล็อกการส่งข้อมูลสำคัญออกนอกองค์กร,System preventing sensitive data from leaving the organization,Flashcards + TermMatch
95,5,Domain 5: Security Operations,Encryption,-,การเข้ารหัส -- แปลงข้อมูลให้อ่านไม่ได้โดยไม่มี key,-,TermMatch Game
96,5,Domain 5: Security Operations,Hashing,แฮชชิ่ง,การแปลงข้อมูลเป็นค่า hash ขนาดคงที่ ทำได้ทางเดียว (one-way) ใช้ตรวจสอบ integrity,One-way function producing a fixed-size digest; used for integrity checks,Flashcards + TermMatch
97,5,Domain 5: Security Operations,Logging,ล็อกกิ้ง,การบันทึกเหตุการณ์ที่เกิดขึ้นในระบบ เพื่อใช้ตรวจสอบ วิเคราะห์ และ Forensics,"Recording system events for monitoring, analysis, and forensics",Flashcards
98,5,Domain 5: Security Operations,Patch Management,แพทช์ แมเนจเมนต์,กระบวนการบริหารจัดการอัปเดตซอฟต์แวร์เพื่อแก้ไขช่องโหว่และปรับปรุงระบบ,Process of managing software updates to fix vulnerabilities and improve systems,Flashcards + TermMatch
99,5,Domain 5: Security Operations,PKI,พี-เค-ไอ,"Public Key Infrastructure โครงสร้างพื้นฐานจัดการกุญแจสาธารณะ รวมถึง CA, ใบรับรอง, CRL","Framework managing public keys, certificates, and certificate authorities",Flashcards + TermMatch
100,5,Domain 5: Security Operations,RSA,อาร์-เอส-เอ,อัลกอริทึมเข้ารหัสแบบ Asymmetric ใช้คู่กุญแจ Public/Private สำหรับเข้ารหัสและลายเซ็นดิจิทัล,Asymmetric encryption using public/private key pairs for encryption and digital signatures,Flashcards
101,5,Domain 5: Security Operations,SHA-256,เอส-เอช-เอ 256,อัลกอริทึม Hashing ที่ให้ค่า hash ขนาด 256 บิต ใช้ตรวจสอบความถูกต้องของข้อมูล,Hashing algorithm producing a 256-bit digest; used for data integrity verification,Flashcards
102,5,Domain 5: Security Operations,SIEM,ซีม,Security Information and Event Management ระบบรวบรวมและวิเคราะห์ log จากทั่วทั้งองค์กรเพื่อตรวจจับภัยคุกคาม,System collecting and analyzing logs across the organization to detect threats,Flashcards + TermMatch
103,5,Domain 5: Security Operations,Steganography,สเตกาโนกราฟี,เทคนิคซ่อนข้อมูลลับไว้ในสื่ออื่น เช่น ซ่อนข้อความในรูปภาพ โดยไม่ทำให้สังเกตเห็นได้,Hiding secret data within other media like images without noticeable changes,Flashcards
104,5,Domain 5: Security Operations,Symmetric Encryption,ซิมเมตริก,การเข้ารหัสที่ใช้กุญแจเดียวกันทั้งเข้ารหัสและถอดรหัส เร็วแต่ต้องแชร์กุญแจอย่างปลอดภัย,Encryption using the same key for both encrypt and decrypt; fast but key sharing is a challenge,Flashcards
