No.,File Name,Title (EN),Title (TH),Category (EN),Category (TH),Item Count,Description (EN),Description (TH),Live URL
1,1832quiz_NewExamDomainTH.html,"ISC2 CC Practice Quiz · 2026 Outline (1,832 Questions)","คลังข้อสอบใหญ่ ISC2 CC (1,832 ข้อ) ตามกรอบปี 2026",Comprehensive Exam Bank,คลังข้อสอบใหญ่ครอบคลุม 5 โดเมน,"1,832 Questions","The largest question bank covering all 5 domains with real-time TH/EN toggle, timer, and detailed explanations.",คลังข้อสอบขนาดใหญ่ที่สุด ครอบคลุม 5 โดเมน พร้อมระบบสลับภาษา TH/EN เรียลไทม์ โหมดจับเวลา และเฉลยละเอียด,https://cgdocx.github.io/studyisc2/1832quiz_NewExamDomainTH.html
2,isc2_cc_BothThai-eng_583quiz.html,ISC2 CC - Combined Practice Bank (583 Questions),คลังข้อสอบฝึกฝน ISC2 CC รวม 583 ข้อ,Practice Exam Bank,ชุดข้อสอบจำลองฝึกทำ,583 Questions,Curated 583 practice questions across 5 domains with dual-language options and explanations.,ชุดข้อสอบจำลองฝึกทำ 583 ข้อ แยกตาม 5 โดเมน พร้อมเฉลยภาษาไทยและอังกฤษ,https://cgdocx.github.io/studyisc2/isc2_cc_BothThai-eng_583quiz.html
3,isc2_cc_exam548_5Domain_dualTh-Eng.html,ISC2 Cybersecurity Exam Practice (548 Questions) - Bilingual,ข้อสอบฝึกหัด ISC2 CC 5 โดเมน (548 ข้อ) สองภาษา,Domain-Specific Exam Bank,ชุดข้อสอบเจาะลึก 5 โดเมน,548 Questions,"In-depth 5-domain exam simulation with bilingual questions, choices, and answers.",ชุดข้อสอบเจาะลึก 5 โดเมนหลัก พร้อมตัวเลือกและคำอธิบาย 2 ภาษา,https://cgdocx.github.io/studyisc2/isc2_cc_exam548_5Domain_dualTh-Eng.html
4,isc2_cc_exam1NCSA_bi_no-track-50q.html,ISC2 CC - Practice Exam 1 (50 Q) - Bilingual Interactive Quiz,ข้อสอบจำลอง ISC2 CC ชุดที่ 1 (50 ข้อ) มาตรฐาน NCSA สกมช.,NCSA Mock Exam,แบบทดสอบมาตรฐาน NCSA สกมช.,50 Questions,50-question mock exam calibrated to Thai NCSA standards with instant scoring.,ข้อสอบจำลอง 50 ข้อ มาตรฐาน NCSA สกมช. สองภาษา พร้อมระบบตรวจคะแนนทันที,https://cgdocx.github.io/studyisc2/isc2_cc_exam1NCSA_bi_no-track-50q.html
5,quiz-explained.html,ISC2 CC - Explained Quiz: 60 Questions with Choice Analysis,แบบทดสอบอธิบายทำไมผิด: 60 ข้อพร้อมวิเคราะห์คำอธิบายทุกตัวเลือก,Explained Quiz,ข้อสอบพร้อมเฉลยและวิเคราะห์ช้อยส์,60 Questions,Deep-dive interactive quiz explaining why each correct choice is right and why wrong choices are incorrect.,ระบบทำโจทย์แบบเจาะลึก อธิบายเหตุผลของตัวเลือกที่ถูกและผิดอย่างละเอียด,https://cgdocx.github.io/studyisc2/quiz-explained.html
6,flashcard.html,ISC2 CC Flashcards - Certified in Cybersecurity Terminology,บัตรคำศัพท์เตรียมสอบ ISC2 CC Certified in Cybersecurity,Flashcards,การ์ดคำศัพท์และนิยาม,100 Flashcards,"Interactive flashcard deck for reviewing core terms, Thai hints, and definitions.",ระบบการ์ดคำศัพท์สำหรับทบทวนแนวคิดสำคัญ นิยาม และตัวย่อของ ISC2 CC,https://cgdocx.github.io/studyisc2/flashcard.html
7,learning-path.html,ISC2 CC Learning Path - Study Guide & Road Map,เส้นทางเรียนเตรียมสอบ ISC2 CC Certified in Cybersecurity,Learning Path,แผนผังเส้นทางการเรียนรู้,5 Domains Road Map,Guided study roadmap breaking down the exam syllabus by difficulty and priority.,แผนผังแนะนำลำดับการเรียนรู้และเตรียมตัวสอบตามระดับความยาก,https://cgdocx.github.io/studyisc2/learning-path.html
8,games.html,Mini Games Hub - ISC2 CC Study Portal,ศูนย์รวมมินิเกมเตรียมสอบ ISC2 CC,Games Hub,ศูนย์รวมมินิเกม,8 Mini Games,Central gateway for all 8 gamified review mini-games and study challenges.,หน้าหลักรวมมินิเกมสำหรับทบทวนความรู้และฝึกความจำในรูปแบบ Gamification,https://cgdocx.github.io/studyisc2/games.html
9,game-beat-clock.html,Beat the Clock - Fast 20-Question Challenge,Beat the Clock - ตอบ 20 ข้อให้เร็วที่สุด,Mini Game (Speed Quiz),มินิเกม (แข่งกับเวลา),20 Questions,Time-attack quiz testing quick recall and precision under time pressure.,เกมตอบคำถามแข่งกับเวลา ท้าทายความเร็วและความแม่นยำภายใต้ความกดดัน,https://cgdocx.github.io/studyisc2/game-beat-clock.html
10,game-defend-castle.html,Defend the Castle - Security Controls Strategy Game,Defend the Castle - วางการควบคุมปกป้องปราสาท,Mini Game (Strategy),มินิเกม (วางกลยุทธ์),Interactive Defense,"Strategy game applying Preventive, Detective, and Corrective controls to protect assets.",เกมวางกลยุทธ์ป้องกันปราสาทโดยเลือกใช้ Security Controls ให้ถูกต้อง,https://cgdocx.github.io/studyisc2/game-defend-castle.html
11,game-domain-sort.html,Domain Sort - Classify Concepts into 5 Domains,Domain Sort - จัดหมวดหมู่หัวข้อเข้าสู่ 5 โดเมน,Mini Game (Categorization),มินิเกม (จัดหมวดหมู่),Domain Sorting,Categorization game sorting cybersecurity concepts into their corresponding CC domains.,เกมจำแนกหัวข้อและแนวคิดเข้าสู่ 5 โดเมนหลักของ ISC2 CC,https://cgdocx.github.io/studyisc2/game-domain-sort.html
12,game-fill-gap.html,Fill the Gap - Complete Key Security Definitions,Fill the Gap - เติมคำศัพท์นิยามความมั่นคงปลอดภัย,Mini Game (Fill in the Blank),มินิเกม (เติมคำในช่องว่าง),Vocabulary Quiz,Interactive fill-in-the-blank game reinforcing exact technical definitions.,เกมเติมคำศัพท์เทคนิคและนิยามความมั่นคงปลอดภัยลงในช่องว่าง,https://cgdocx.github.io/studyisc2/game-fill-gap.html
13,game-incident-timeline.html,Incident Timeline - Order the Incident Response Phases,Incident Timeline - จัดเรียงลำดับขั้นตอนการตอบสนองเหตุการณ์,Mini Game (Sequence Ordering),มินิเกม (เรียงลำดับขั้นตอน),Timeline Ordering,Sequence game challenging players to order the NIST/ISC2 Incident Response lifecycle steps.,เกมจัดเรียงลำดับขั้นตอนไทม์ไลน์การตอบสนองต่ออุบัติการณ์ (IR Lifecycle),https://cgdocx.github.io/studyisc2/game-incident-timeline.html
14,game-phish-detect.html,Phishing Detective - Identify Social Engineering Attacks,Phishing Detective - นักสืบตรวจจับอีเมลฟิชชิ่ง,Mini Game (Scenario Analysis),มินิเกม (วิเคราะห์สถานการณ์),Email Scenarios,"Scenario-based detective game evaluating email headers, links, and deception cues.",เกมฝึกตรวจจับอีเมลฟิชชิ่งและการโจมตีแบบ Social Engineering,https://cgdocx.github.io/studyisc2/game-phish-detect.html
15,game-rapid-fire.html,Rapid Fire - 60-Second True/False Quiz,Rapid Fire - ถูกหรือผิด 60 วินาที,Mini Game (Speed T/F),มินิเกม (ตอบเร็ว ถูก/ผิด),60s True/False,High-speed 60-second true-or-false quiz testing instant cybersecurity reflexes.,เกมตอบเร็ว Speed Quiz ตอบคำถามสั้นรวดเร็วต่อเนื่อง 60 วินาที,https://cgdocx.github.io/studyisc2/game-rapid-fire.html
16,game-term-match.html,Term Match - Cybersecurity Vocabulary Matching,Term Match - จับคู่คำศัพท์เทคนิคความมั่นคงปลอดภัย,Mini Game (Matching),มินิเกม (จับคู่คำศัพท์),45 Pairs,Tile-matching game linking English acronyms and terms with their Thai meanings.,เกมจับคู่คำศัพท์เทคนิค Cybersecurity กับความหมายที่ถูกต้อง,https://cgdocx.github.io/studyisc2/game-term-match.html
17,lesson-domain-1.html,Domain 1: Security Principles - Beginner Summary Lesson,บทเรียนสรุป Domain 1: หลักการความมั่นคงปลอดภัยสำหรับผู้เริ่มต้น,Domain Lesson 1,บทเรียนสรุปโดเมน 1,Study Guide,"Summary lesson covering CIA Triad, IRP, Risk Management, BCP/DRP, and ISC2 Code of Ethics.","สรุปบทเรียน Domain 1: Security Principles (CIA Triad, IRP, Risk, BCP/DRP, Code of Ethics)",https://cgdocx.github.io/studyisc2/lesson-domain-1.html
18,lesson-domain-2.html,Domain 2: Business Continuity & Disaster Recovery - Lesson,บทเรียนสรุป Domain 2: ความต่อเนื่องทางธุรกิจและการกู้คืนระบบ,Domain Lesson 2,บทเรียนสรุปโดเมน 2,Study Guide,"Summary lesson covering BIA, RTO, RPO, Hot/Warm/Cold DR Sites, Backups, and DRP Testing.","สรุปบทเรียน Domain 2: Business Continuity, Disaster Recovery, and Incident Response",https://cgdocx.github.io/studyisc2/lesson-domain-2.html
19,lesson-domain-3.html,Domain 3: Access Controls Concepts - Beginner Lesson,บทเรียนสรุป Domain 3: แนวคิดการควบคุมการเข้าถึง,Domain Lesson 3,บทเรียนสรุปโดเมน 3,Study Guide,"Summary lesson covering Physical, Technical, and Administrative Controls, DAC, MAC, and RBAC.","สรุปบทเรียน Domain 3: Access Controls Concepts (Physical, Technical, Administrative, DAC/MAC/RBAC)",https://cgdocx.github.io/studyisc2/lesson-domain-3.html
20,lesson-domain-4.html,Domain 4: Network Security - Beginner Summary Lesson,บทเรียนสรุป Domain 4: ความมั่นคงปลอดภัยเครือข่าย,Domain Lesson 4,บทเรียนสรุปโดเมน 4,Study Guide,"Summary lesson covering OSI model, TCP/IP, common ports, network threats, and defensive controls.","สรุปบทเรียน Domain 4: Network Security (OSI Model, TCP/IP, Ports, Threats, Defenses)",https://cgdocx.github.io/studyisc2/lesson-domain-4.html
21,lesson-domain-5.html,Domain 5: Security Operations - Beginner Summary Lesson,บทเรียนสรุป Domain 5: การปฏิบัติการรักษาความปลอดภัยสำหรับผู้เริ่มต้น,Domain Lesson 5,บทเรียนสรุปโดเมน 5,Study Guide,"Summary lesson covering Data Security lifecycle, System Hardening, Policies, and Security Training.","สรุปบทเรียน Domain 5: Security Operations (Data Security, System Hardening, Policies)",https://cgdocx.github.io/studyisc2/lesson-domain-5.html
22,index.html,ISC2 CC Portal & Mind Map - 12 Chapters across 5 Domains,หน้าหลักพอร์ทัลและ Mind Map สรุปเนื้อหาเตรียมสอบ ISC2 CC 12 บท,Main Portal & Mind Map,หน้าหลักพอร์ทัลและแผนผังความคิด,Portal & 12 Chapters,Central interactive study hub featuring a comprehensive 12-chapter mind map and exam navigation.,หน้าแรกของระบบ studyisc2 สรุปภาพรวม เมนูนำทาง และทางเข้าสู่แบบทดสอบและเกมทั้งหมด,https://cgdocx.github.io/studyisc2/index.html
23,isc2-cc-landing.html,ISC2 CC Exam & Study Portal - Neo-Brutalist Landing Page,หน้า Landing Page สรุปภาพรวมหลักสูตรและคลังข้อสอบ ISC2 CC,Landing Page,หน้า Landing Page สรุปหลักสูตร,Course Overview,"Modern neo-brutalist landing page highlighting curriculum domains, question banks, and features.",หน้า Landing Page แนะนำข้อสอบ ISC2 CC สรุปภาพรวม 5 โดเมน และคลังข้อสอบ,https://cgdocx.github.io/studyisc2/isc2-cc-landing.html
